partitionKey,rowKey,userPrincipalName,employeeId,adEmployeeId
garage.mcardletech.com,k5A1NHRzr0uouWJIKPpucQ==,Adriana.Y.Maclin@garage.mcardletech.com,E10,
garage.mcardletech.com,zipOKmrfHk+RuecDZM8kyw==,Dorethea.E.Bascom@garage.mcardletech.com,E11,
garage.mcardletech.com,lacNzegWP06cCYgOQar6Vw==,Britteny.S.Provencal@garage.mcardletech.com,E12,
garage.mcardletech.com,Cfuw6ODzLEaFGPKk+P2H7g==,Ernesto.F.Sugg@garage.mcardletech.com,E17,
garage.mcardletech.com,K8yQ+k0TfUKDNA5sdrmncA==,Angelina.J.Geil@garage.mcardletech.com,E21,
garage.mcardletech.com,ro4ps07FC0ib4f0CBxuvlg==,Dorsey.Glenn@garage.mcardletech.com,E777,
garage.mcardletech.com,YJOajHi4QkG8P+i+Bxd3HA==,Era.L.Mends@garage.mcardletech.com,E29,
garage.mcardletech.com,aA3R8lh34kGkSxGc8+DEhA==,Elwood.K.Riendeau@garage.mcardletech.com,E32,
garage.mcardletech.com,jsg51D9m6UivssWF0VD1WA==,Benjamin.N.Adolphson@garage.mcardletech.com,E34,
garage.mcardletech.com,l/y8ywJD/USzEg3kmh3Qug==,Douglass.I.Matinez@garage.mcardletech.com,E38,
garage.mcardletech.com,2UXYTObTwUyJK407IXSPFA==,Arminda.T.Tippett@garage.mcardletech.com,E42,
garage.mcardletech.com,6aVvQaLejUSYGPNy0R8kaA==,Alfredo.Q.Ruple@garage.mcardletech.com,E43,
garage.mcardletech.com,Etge4IgGd0SD0VLNr1BJ1g==,Cinthia.R.Dudgeon@garage.mcardletech.com,E44,
garage.mcardletech.com,mGPsOqy/JkOP84bHf0A5BQ==,Hanna.J.Cassella@garage.mcardletech.com,E45,
garage.mcardletech.com,gsmWL2zAOUasBbW4DDghgA==,Alisia.E.Goodall@garage.mcardletech.com,E46,
garage.mcardletech.com,VFiOaZfok0SSZfRaC8+FPg==,Alexia.E.Edberg@garage.mcardletech.com,E47,
garage.mcardletech.com,stfLA3QPBEaZWZZf4daDoQ==,Aurora.X.Lenk@garage.mcardletech.com,E50,
garage.mcardletech.com,98aALUEy5U6GzZn+Indyxg==,Carolina.E.Backus@garage.mcardletech.com,E52,
garage.mcardletech.com,as865Q3OOkGpn5ZOUg0gHA==,Gia.I.Bloomfield@garage.mcardletech.com,E53,
garage.mcardletech.com,IH4pQeDhy0Cgu9/1sOJxtQ==,Herma.L.Groce@garage.mcardletech.com,E54,
garage.mcardletech.com,xGtzgthEfEmrnIqTwlHSbg==,Anjelica.L.Stultz@garage.mcardletech.com,E56,
garage.mcardletech.com,0+tv6xnTQ02vj4JtmsW1Gw==,Caroline.C.Muise@garage.mcardletech.com,E58,
garage.mcardletech.com,9UkdZDguCU212WFLmRJTcg==,Donita.F.Mccrea@garage.mcardletech.com,E59,
garage.mcardletech.com,J2iFfESZTEaIs4Ds7SEBsQ==,Stephany.F.Carnegie@garage.mcardletech.com,E13,
garage.mcardletech.com,8K3cpAiHOEC5Gp7nNlHmSw==,Marx.W.Hinesley@garage.mcardletech.com,E14,
garage.mcardletech.com,izOCqpccZUa5zoNpBy34rA==,Inga.V.Lau@garage.mcardletech.com,E15,
garage.mcardletech.com,rmGHCzzb8EaFtrHKPeIGTw==,Haywood.B.Pounds@garage.mcardletech.com,E16,
garage.mcardletech.com,XaKB1HuST0yBscErUf/6sw==,Marlena.J.Saddler@garage.mcardletech.com,E18,
garage.mcardletech.com,3TgwAA9r6EW40Ese1RaCEw==,Treva.W.Nack@garage.mcardletech.com,E19,
garage.mcardletech.com,FPHuYvZbukeDchgAyJo6Bw==,Renay.W.Hornbeck@garage.mcardletech.com,E20,
garage.mcardletech.com,6v+ZOeK9SkqCErgp+bD2wQ==,Venessa.O.Woolard@garage.mcardletech.com,E22,
garage.mcardletech.com,UkPZ8Fa0IEaLyI2+H3u6PA==,Lanny.W.Tai@garage.mcardletech.com,E24,
garage.mcardletech.com,x8QREykNhUy+/CNavfFc8Q==,Perla.I.Elkins@garage.mcardletech.com,E25,
garage.mcardletech.com,HJXy2TJ2dkKO0fPyUhCIJA==,Zack.B.Deangelo@garage.mcardletech.com,E26,
garage.mcardletech.com,V3+H13Nk9UWc3BLhxQXqBQ==,Vincenzo.N.Holcomb@garage.mcardletech.com,E28,
garage.mcardletech.com,Q4NoKQKRdky1J0DatOKMjQ==,Ronny.Y.Lembo@garage.mcardletech.com,E30,
garage.mcardletech.com,N2DsOZBmdUW7FzhH70tccQ==,Tammara.L.Sutter@garage.mcardletech.com,E31,
garage.mcardletech.com,wRleBKVzqkSgkDjDMk0/hA==,Stevie.P.Nold@garage.mcardletech.com,E33,
garage.mcardletech.com,zYOoO0Rb60i3V4qT/zNOTg==,Krystle.K.Southers@garage.mcardletech.com,E35,
garage.mcardletech.com,tXeL+9+tIkCxe//fUv33Ug==,Libby.F.Privette@garage.mcardletech.com,E36,
garage.mcardletech.com,+Lw9ddVku02TM9IgK1mSCw==,Neda.E.Mullinax@garage.mcardletech.com,E37,
garage.mcardletech.com,DntPouPni02KPk9UQ4JWsA==,Karly.D.Withers@garage.mcardletech.com,E39,
garage.mcardletech.com,c2HUuTZXCk6sAD44q89vDA==,Magda.U.Scotto@garage.mcardletech.com,E40,
garage.mcardletech.com,6+RGnPPDUEilwyfEgIteEg==,Herta.B.Villalva@garage.mcardletech.com,E41,
garage.mcardletech.com,cCDqk2H0CEW7A4K2YtEktQ==,Vertie.A.Clerk@garage.mcardletech.com,E48,
garage.mcardletech.com,QkKVLM4dMEenNbJROnodKA==,Neely.E.Paz@garage.mcardletech.com,E49,
garage.mcardletech.com,B6uTTS7+sEWtWsV6LlEVIQ==,Mel.I.Creasman@garage.mcardletech.com,E51,
garage.mcardletech.com,p3HjKdodxEqN52d3IvAjlQ==,Shaquita.M.Melito@garage.mcardletech.com,E55,
garage.mcardletech.com,YQnacEnGOEWCQFr+I3djKg==,Jeannine.J.Gorder@garage.mcardletech.com,E57,